MethodID,MethodName,RTT_Mean(ms),RTT_P95(ms),Jitter(ms),CollisionRate(%),DeadEndRate(%),Stress_Mean(N),Stress_P95(N),Stress_Peak(N),Super_Threshold_Rate(%),Error_Mean(m),Error_RMSE(m),Error_Max(m)
M1,Ours (Full),25.010136964742365,9.968886068785084,37.9788073643839,3.9289055191768005,0.0,418.5970536905066,885.450795060021,7409.8226774635095,4.622051035146846,0.08006332290516228,0.08803231326362873,0.21173423528671265
M2,Traditional (SP+Fixed),98.45234881096253,500.0,151.33238119995798,18.807947019867548,0.0,600.0045012720717,1387.746803760542,7443.4279173565865,8.599567619505164,0.10731970645270753,0.11236794497242071,0.2199082225561142
M3,RL-Only (SP+RL),83.90940312020223,500.0,124.41386907392992,15.862068965517242,0.0,576.8769874733268,1335.7434035465108,7404.922313988194,7.747489239598278,0.10272173457415992,0.10777485499794481,0.21165578067302704
M4,Random-Routing + RL,120.19141986487126,500.0,177.5756010262982,23.20872274143302,0.0,609.2997457493018,1465.5083635449428,7498.495959192524,8.60597439544808,0.1070316823216172,0.11164640152264271,0.24023233354091644
M5,GNN-Only (GNN+Fixed),30.72718046718598,500.0,49.23065868687312,5.080213903743315,0.0,458.39068686711266,1049.9999999999982,7466.664470051507,5.204819277108434,0.08693054679601667,0.09478106397516498,0.21775096654891968
M6,No-Curriculum,118.84046274261301,500.0,167.59693370967997,22.945736434108525,0.0,612.0872255737212,1435.251185297974,7399.410524871183,9.482964021920418,0.1089405435596122,0.11397759650403307,0.23659850656986237
