MethodID,MethodName,RTT_Mean(ms),RTT_P95(ms),Jitter(ms),CollisionRate(%),DeadEndRate(%),Stress_Mean(N),Stress_P95(N),Stress_Peak(N),Super_Threshold_Rate(%),Error_Mean(m),Error_RMSE(m),Error_Max(m)
M1,Ours (Full),15.183461575578898,9.708459911740642,20.941837031576828,1.956521739130435,0.0,334.5846525820667,933.1801936030355,7366.713737370614,4.314595660749506,0.07032907294606353,0.07917319317844418,0.20833857357501984
M2,Traditional (SP+Fixed),96.02862641465548,500.0,140.99568999132296,18.298969072164947,0.0,593.0351890719933,1347.4443712830575,7433.696560142567,8.723709369024856,0.10640341780517058,0.11151015326934219,0.22935055196285248
M3,RL-Only (SP+RL),100.56475693244725,500.0,146.06035136579445,19.205298013245034,0.0,587.0995751232326,1454.5348791405693,7402.504641190164,8.996458087367177,0.10673793246364825,0.11157554220756452,0.25347116589546204
M4,Random-Routing + RL,112.0383436014935,500.0,162.21869666980533,21.55425219941349,0.0,595.6816447210299,1470.3014423884347,7488.24994077908,9.026128266033254,0.10775108761386393,0.11232635999638765,0.24439340829849243
M5,GNN-Only (GNN+Fixed),16.135691780772405,9.793758937887185,21.999794904139485,2.1339220014716704,0.0,342.1013582643923,821.8129612505426,7362.214201898145,3.309002433090024,0.07094020120382599,0.07949986355617061,0.1903870403766632
M6,No-Curriculum,127.09684027011905,500.0,172.9511611625681,24.59016393442623,0.0,616.8459884179465,1477.179038077574,7480.283068940056,9.382422802850355,0.10934765291247614,0.11407506081989154,0.2134704738855362
