MethodID,MethodName,RTT_Mean(ms),RTT_P95(ms),Jitter(ms),CollisionRate(%),DeadEndRate(%),Stress_Mean(N),Stress_P95(N),Stress_Peak(N),Super_Threshold_Rate(%),Error_Mean(m),Error_RMSE(m),Error_Max(m)
M1,Ours (Full),14.92989797351518,3.0001000052013542,25.46113785055086,2.6347305389221556,0.0,367.3103700242916,934.3121975660296,7066.479231975058,4.5487894350697,0.0752336048111356,0.08391946784527775,0.2012414187192917
M2,Traditional (SP+Fixed),87.18026128671947,500.0,137.2339956447749,17.135862913096695,0.0,588.221010894758,1359.7137296199671,7423.194493353365,8.30739765381853,0.10591396821320756,0.1110677466183169,0.2282133400440216
M3,RL-Only (SP+RL),81.87608353281558,500.0,134.80532381376173,16.069364161849713,0.0,571.1504694728471,1401.955592632272,7404.668946770851,8.259938109973817,0.10461256564682372,0.10956067584721613,0.2275417596101761
M4,Random-Routing + RL,101.57621269032364,500.0,153.70317362042528,20.027434842249658,0.0,590.16546327556,1426.1097753048,7505.66225701942,9.000708717221828,0.10686157579330682,0.11157563507387104,0.22754201292991638
M5,GNN-Only (GNN+Fixed),13.079337443724523,2.98117452891299,21.28797423923187,2.263296869105998,0.0,347.8472737091023,823.0622440576587,7398.898812807241,3.617697384502567,0.0718380299687524,0.08051204722823742,0.2089061141014099
M6,No-Curriculum,94.25878875769911,500.0,146.9595883921022,18.556701030927837,0.0,598.659397351767,1443.107577413339,7509.746100134225,8.790170132325143,0.10658635649766723,0.11177017943599668,0.23508457839488983
