MethodID,MethodName,RTT_Mean(ms),RTT_P95(ms),Jitter(ms),CollisionRate(%),DeadEndRate(%),Stress_Mean(N),Stress_P95(N),Stress_Peak(N),Super_Threshold_Rate(%),Error_Mean(m),Error_RMSE(m),Error_Max(m)
M1,Ours (Full),21.424041401801972,9.898144579509006,33.03254289534313,3.2062391681109186,0.0,401.72415859980043,999.0723073482502,7421.167133331639,4.676787463271303,0.07608928589536157,0.08477416515039739,0.2146492302417755
M2,Traditional (SP+Fixed),94.102133148291,500.0,138.01718229468094,17.938931297709924,0.0,593.103864913256,1377.0187827944749,7410.148278530699,8.896882494004796,0.10633844933171066,0.11165070774306182,0.2354709953069687
M3,RL-Only (SP+RL),92.98671161852387,500.0,130.72818239816803,17.71995043370508,0.0,597.7375757380611,1434.1442877054274,7409.6063735429225,8.775654635527246,0.10388123339969656,0.10897076396581365,0.24584202468395233
M4,Random-Routing + RL,116.54363757364878,500.0,171.71773795784287,22.442748091603054,0.0,609.9577158841797,1437.6540452241927,7401.216514629765,9.012670332297395,0.10566476787619263,0.1103768543699516,0.21159623563289642
M5,GNN-Only (GNN+Fixed),23.530513240840932,9.922667262007794,35.65686959286919,3.6363636363636362,0.0,408.84410843220235,888.4991407394467,7386.0560170716035,4.635922330097087,0.08033868407749219,0.08886980237399522,0.21368922293186188
M6,No-Curriculum,122.38978607429858,500.0,165.39941851944076,23.62204724409449,0.0,615.5932040555549,1548.058708310123,7491.03871488945,9.634002361275089,0.10926031264022362,0.11427752257009978,0.227818101644516
