Metric,Mean,Median,P95,P99,Max
RTT (ms),6.12988075978043,6.18876655909172,9.658333235394124,9.971206359864164,10.148280527671666
Stress (N),375.19452525391324,292.35459193587405,922.4540920462608,2131.197407145032,7164.502380788331
Error (m),0.09641873910464346,0.09454308822751045,0.12046969272196292,0.15397596910595893,0.18384745717048645
Jitter (ms),2.5849829336212835,2.243589417654087,6.014570288130683,7.0914110559662,9.303739106292243
