Metric,Mean,Median,P95,P99,Max
RTT (ms),6.151510272233264,6.145346996394217,9.764771535222724,10.116399407180799,10.17671527872783
Stress (N),44.00983428955078,23.207050323486328,129.97239685058594,408.2589111328125,2272.110107421875
Error (m),0.02301504835486412,0.023515596985816956,0.04033113270998001,0.05054061859846115,0.06647419929504395
Jitter (ms),2.6350069635142797,2.3146132629984297,6.082204103652852,7.206775929189358,9.922145274985152
