Metric,Mean,Median,P95,P99,Max
RTT (ms),6.058968807319426,6.058248961766225,9.706323053814575,9.96864608835902,10.153836597541297
Stress (N),378.07711123689177,265.7674930989708,1049.9999999999982,2988.202715301918,8902.42784060537
Error (m),0.09981992621999233,0.0967797189950943,0.13053773045539854,0.15922305166721343,0.22091034054756165
Jitter (ms),2.6848987349890403,2.278572080791039,6.341172579631381,7.395063614005217,9.869432827055531
